{"cameraMode":{"drawMode":0,"name":"Shaded","section":"Shading Mode"},"sceneLighting":true,"audioPlay":false,"sceneViewState":{"showFog":true,"showMaterialUpdate":false,"showSkybox":true,"showFlares":true,"showImageEffects":true,"showParticleSystems":true},"in2DMode":false,"pivot":{"x":0.5646247863769531,"y":4.372718334197998,"z":-32.67969512939453},"rotation":{"x":-0.07666550576686859,"y":0.04245985299348831,"z":-0.003267082152888179,"w":-0.9961587190628052},"size":-12.486030578613282,"orthographic":false}