{"cameraMode":{"drawMode":0,"name":"Shaded","section":"Shading Mode"},"sceneLighting":true,"audioPlay":false,"sceneViewState":{"showFog":true,"showMaterialUpdate":false,"showSkybox":true,"showFlares":true,"showImageEffects":true,"showParticleSystems":true},"in2DMode":false,"pivot":{"x":-0.5363702774047852,"y":-0.3677060604095459,"z":-8.224428176879883},"rotation":{"x":-0.1140621080994606,"y":0.002083847764879465,"z":-0.000240798806771636,"w":-0.9934840202331543},"size":12.486030578613282,"orthographic":false}