{"cameraMode":{"drawMode":0,"name":"Shaded","section":"Shading Mode"},"sceneLighting":true,"audioPlay":false,"sceneViewState":{"showFog":true,"showMaterialUpdate":false,"showSkybox":true,"showFlares":true,"showImageEffects":true,"showParticleSystems":true},"in2DMode":false,"pivot":{"x":-4.765312194824219,"y":4.365138053894043,"z":2.5773258209228517},"rotation":{"x":-0.07697343826293946,"y":0.8841127753257752,"z":-0.15705741941928864,"w":-0.43330708146095278},"size":44.00887680053711,"orthographic":false}